序号,链接,节点数
0,https://3C4eUr.mcsslk.xyz/6e70be415fd84845c8a0669464feffec,0
1,https://Qkg3Oq.absslk.xyz/e0b00ef7696cb9470941cb09b1fe76e6,0
2,https://gitlab.com/colloq168/nodefiltrate/-/raw/main/filtrate?ref_type=heads,164
3,https://raw.githubusercontent.com/Alvin9999/pac2/master/clash.meta2/1/config.yaml,0
4,https://raw.githubusercontent.com/Alvin9999/pac2/master/clash.meta2/13/config.yaml,0
5,https://raw.githubusercontent.com/Alvin9999/pac2/master/clash.meta2/15/config.yaml,0
6,https://raw.githubusercontent.com/Alvin9999/pac2/master/clash.meta2/2/config.yaml,0
7,https://raw.githubusercontent.com/Alvin9999/pac2/master/clash.meta2/config.yaml,0
8,https://raw.githubusercontent.com/Huibq/TrojanLinks/master/links/vmess,0
9,https://raw.githubusercontent.com/Surfboardv2ray/TGParse/main/python/hy2,0
10,https://raw.githubusercontent.com/Surfboardv2ray/TGParse/main/python/hysteria2,8
11,https://raw.githubusercontent.com/qjlxg/hy2/main/splitted/hy2,17
12,https://raw.githubusercontent.com/ripaojiedian/freenode/main/clash,16
13,https://raw.githubusercontent.com/ripaojiedian/freenode/main/sub,19
14,https://raw.githubusercontent.com/zhangkaiitugithub/passcro/main/speednodes.yaml,238
15,dynamic://peasoft,0

总计,,448
